电压(V),x轴(s)
-0.41297187500000065,0.0
-4.085371875000002,0.0008004002001
-2.2198968750000008,0.0016008004002001
-2.0634968750000002,0.0024012006003001
0.41200312499999986,0.0032016008004002
0.41200312499999986,0.0040020010005002
0.41200312499999986,0.0048024012006003
0.41200312499999986,0.0056028014007003
-1.7066531250000005,0.0064032016008004
-1.5512531250000008,0.0072036018009004
-0.6231781250000004,0.0080040020010005
0.31422187499999954,0.0088044022011005
-0.42301562500000073,0.0096048024012006
-1.3604156250000004,0.0104052026013006
-1.946415625000001,0.0112056028014007
0.16298437499999985,0.0120060030015007
-3.694728125000001,0.0128064032016008
-2.3663281250000017,0.0136068034017008
-2.6102531250000007,0.0144072036018009
-2.0638531250000014,0.0152076038019009
-2.1612906250000004,0.016008004002001
1.1201093750000002,0.016808404202101
0.6415843750000003,0.0176088044022011
-0.2958156249999999,0.0184092046023011
-0.7848156249999998,0.0192096048024012
-0.7848156249999998,0.0200100050025012
-0.28634062499999985,0.0208104052026013
-0.28634062499999985,0.0216108054027013
1.212659375000001,0.0224112056028014
1.3690593750000006,0.0232116058029014
1.212659375000001,0.0240120060030015
1.3690593750000006,0.0248124062031015
-0.2324843750000003,0.0256128064032016
-2.341884375,0.0264132066033016
-1.6484093750000002,0.0272136068034017
-0.7110093750000004,0.0280140070035017
-2.7321343750000002,0.0288144072036018
0.15826562500000008,0.0296148074037018
-1.6486593750000003,0.0304152076038019
-0.7112593750000005,0.0312156078039019
0.5290031250000001,0.032016008004002
0.5290031250000001,0.032816408204102
-1.2577718750000006,0.0336168084042021
-1.4141718750000003,0.0344172086043021
-0.42794687500000006,0.0352176088044022
-0.2715468750000003,0.0360180090045022
-2.2934218750000004,0.0368184092046023
1.3789781250000002,0.0376188094047023
-0.9569937500000003,0.0384192096048024
-0.01959375000000041,0.0392196098049024
-1.34799375,0.0400200100050025
0.37140624999999944,0.0408204102051025
0.93269375,0.0416208104052026
0.93269375,0.0424212106053026
-2.182981250000001,0.0432216108054027
-1.6355812500000007,0.0440220110055027
-0.6296874999999997,0.0448224112056028
1.8697125000000003,0.0456228114057028
1.0887125000000004,0.0464232116058029
0.15131250000000018,0.0472236118059029
1.3868125000000007,0.048024012006003
1.3868125000000007,0.048824412206103
-0.5954625000000002,0.0496248124062031
-0.7518624999999999,0.0504252126063031
-0.6006875000000002,0.0512256128064032
-0.6006875000000002,0.0520260130065032
0.09278749999999991,0.0528264132066033
0.09278749999999991,0.0536268134067033
-0.08801250000000008,0.0544272136068034
-0.08801250000000008,0.0552276138069034
-0.009812500000000154,0.0560280140070035
-0.16621249999999999,0.0568284142071035
-0.6249375,0.0576288144072036
-0.4685375,0.0584292146073036
-0.5467375,0.0592296148074037
-0.5467375,0.0600300150075037
-0.21973750000000003,0.0608304152076038
1.4986625000000005,0.0616308154077038
1.8021375000000002,0.0624312156078039
0.47373750000000037,0.0632316158079039
0.12684374999999992,0.064032016008004
-0.81055625,0.064832416208104
0.71284375,0.0656328164082041
-1.39655625,0.0664332166083041
-1.0793437500000003,0.0672336168084042
-1.0793437500000003,0.0680340170085042
0.3956312500000001,0.0688344172086043
0.3956312500000001,0.0696348174087043
1.7427937500000006,0.0704352176088044
0.02439374999999988,0.0712356178089044
-0.27808125000000017,0.0720360180090045
-0.12168125000000014,0.0728364182091045
-1.1578312499999996,0.0736368184092046
0.5615687499999998,0.0744372186093046
0.98184375,0.0752376188094047
0.98184375,0.0760380190095047
0.6832812500000006,0.0768384192096048
1.2306812500000004,0.0776388194097048
0.9867562500000004,0.0784392196098049
2.3141562500000004,0.0792396198099049
-0.8594812500000004,0.080040020010005
-0.8594812500000004,0.080840420210105
-2.0211562500000007,0.0816408204102051
-1.4747562500000007,0.0824412206103051
-0.7374875000000001,0.0832416208104052
-0.7374875000000001,0.0840420210105052
0.7374875000000001,0.0848424212106053
0.7374875000000001,0.0856428214107053
0.0,0.0864432216108054
0.0,0.0872436218109054
-0.46919999999999995,0.0880440220110055
0.46919999999999995,0.0888444222111055
-1.2967843749999999,0.0896448224112056
-0.7493843750000002,0.0904452226113056
2.130690625000001,0.0912456228114057
4.631090625000001,0.0920460230115057
2.3853406250000004,0.0928464232116058
1.0569406250000009,0.0936468234117058
0.6366656250000007,0.0944472236118059
0.6366656250000007,0.0952476238119059
0.5244968750000006,0.096048024012006
0.6808968750000005,0.096848424212106
0.9056718750000006,0.0976488244122061
0.9056718750000006,0.0984492246123061
1.6818218750000007,0.0992496248124062
1.525421875000001,0.1000500250125062
1.6036218750000009,0.1008504252126063
1.6036218750000009,0.1016508254127063
1.4769718750000007,0.1024512256128064
1.4769718750000007,0.1032516258129064
-0.974503125,0.1040520260130065
-0.974503125,0.1048524262131065
-1.7359531249999995,0.1056528264132066
-1.1895531249999998,0.1064532266133066
1.6915218750000007,0.1072536268134067
2.2389218750000004,0.1080540270135067
2.5657468750000016,0.1088544272136068
3.112146875000002,0.1096548274137068
3.112146875000002,0.1104552276138069
2.5657468750000016,0.1112556278139069
2.760746875000002,0.112056028014007
2.9171468750000016,0.112856428214107
2.8389468750000018,0.1136568284142071
2.8389468750000018,0.1144572286143071
3.6588156250000017,0.1152576288144072
3.6588156250000017,0.1160580290145072
-0.2764593750000002,0.1168584292146073
-0.8228593750000002,0.1176588294147073
-0.6378968750000011,0.1184592296148074
-1.184296875000001,0.1192596298149074
0.1728781249999993,0.1200600300150075
0.1728781249999993,0.1208604302151075
4.821553125000004,0.1216608304152076
4.821553125000004,0.1224612306153076
5.241328125000003,0.1232616308154077
5.788728125000002,0.1240620310155077
7.380290625000003,0.1248624312156078
4.879890625000004,0.1256628314157078
2.780815625000002,0.1264632316158079
2.6244156250000024,0.1272636318159079
1.701440625000001,0.128064032016008
2.638840625000001,0.128864432216108
2.092440625000001,0.1296648324162081
2.247840625000001,0.1304652326163081
1.9893406250000005,0.1312656328164082
1.9893406250000005,0.1320660330165082
2.682815625000001,0.1328664332166083
2.682815625000001,0.1336668334167083
3.878740625000002,0.1344672336168084
3.7223406250000024,0.1352676338169084
3.8005406250000022,0.1360680340170085
3.8005406250000022,0.1368684342171085
3.537353125000002,0.1376688344172086
3.537353125000002,0.1384692346173086
3.537353125000002,0.1392696348174087
3.537353125000002,0.1400700350175087
3.6791156250000014,0.1408704352176088
3.6791156250000014,0.1416708354177088
4.098890625000003,0.1424712356178089
5.036290625000003,0.1432716358179089
4.894840625000003,0.144072036018009
6.613240625000002,0.144872436218109
7.3947406250000025,0.1456728364182091
4.113340625000003,0.1464732366183091
4.747971875000003,0.1472736368184092
4.747971875000003,0.1480740370185092
4.249996875000002,0.1488744372186093
4.249996875000002,0.1496748374187093
2.414046875000002,0.1504752376188094
3.3514468750000024,0.1512756378189094
5.841521875000003,0.1520760380190095
6.388921875000001,0.1528764382191095
6.799346875000002,0.1536768384192096
6.799346875000002,0.1544772386193096
6.105371875000003,0.1552776388194097
6.105371875000003,0.1560780390195097
5.441171875000004,0.1568784392196098
6.769571875000002,0.1576788394197098
7.073046875000002,0.1584792396198099
6.525646875000002,0.1592796398199099
4.855134375000004,0.16008004002001
7.746534375000003,0.16088044022011
6.720609375000006,0.1616808404202101
8.440009375000006,0.1624812406203101
6.223134375000003,0.1632816408204102
6.769534375000004,0.1640820410205102
6.525609375000005,0.1648824412206103
8.244009375000006,0.1656828414207103
7.526815625000003,0.1664832416208104
8.464215625000003,0.1672836418209104
5.661340625000002,0.1680840420210105
5.817740625000002,0.1688844422211105
6.398828125000002,0.1696848424212106
7.3362281250000025,0.1704852426213106
6.867528125000002,0.1712856428214107
6.867528125000002,0.1720860430215107
5.363571875000003,0.1728864432216108
5.363571875000003,0.1736868434217108
4.416346875000003,0.1744872436218109
8.869746875000004,0.1752876438219109
7.287509375000004,0.176088044022011
7.287509375000004,0.176888444222111
8.175984375000004,0.1776888444222111
8.175984375000004,0.1784892446223111
8.620015625000006,0.1792896448224112
8.073615625000004,0.1800900450225112
8.708540625000003,0.1808904452226113
6.208140625000004,0.1816908454227113
6.784103125000004,0.1824912456228114
4.674703125000005,0.1832916458229114
6.931178125000003,0.1840920460230115
7.4775781250000035,0.1848924462231115
8.400553125000002,0.1856928464232116
7.8541531250000025,0.1864932466233116
7.8541531250000025,0.1872936468234117
8.400553125000002,0.1880940470235117
7.282853125000004,0.1888944472236118
9.391253125000004,0.1896948474237118
8.640028125000002,0.1904952476238119
8.640028125000002,0.1912956478239119
7.868484375000004,0.192096048024012
7.868484375000004,0.192896448224112
7.868484375000004,0.1936968484242121
7.868484375000004,0.1944972486243121
8.293671875000005,0.1952976488244122
8.137271875000003,0.1960980490245122
7.052796875000004,0.1968984492246123
7.990196875000004,0.1976988494247123
7.004134375000003,0.1984992496248124
8.332534375000003,0.1992996498249124
10.431609375000004,0.2001000500250125
12.151009375000005,0.2009004502251125
9.845609375000004,0.2017008504252126
11.565009375000004,0.2025012506253126
8.254334375000003,0.2033016508254127
8.254334375000003,0.2041020510255127
6.618378125000005,0.2049024512256128
6.618378125000005,0.2057028514257128
5.455703125000005,0.2065032516258129
7.566103125000005,0.2073036518259129
6.989140625000006,0.208104052026013
10.270540625000008,0.208904452226113
9.713815625000008,0.2097048524262131
9.713815625000008,0.2105052526263131
11.256728125000004,0.2113056528264132
11.100328125000003,0.2121060530265132
9.782253125000002,0.2129064532266133
9.625853125000004,0.2137068534267133
8.864590625000005,0.2145072536268134
8.864590625000005,0.2153076538269134
7.194615625000003,0.2161080540270135
7.194615625000003,0.2169084542271135
8.942290625000002,0.2177088544272136
8.785890625,0.2185092546273136
7.585115624999999,0.2193096548274137
7.585115624999999,0.2201100550275137
9.782253125000004,0.2209104552276138
8.063853125000005,0.2217108554277138
8.366328125000004,0.2225112556278139
10.475728125000005,0.2233116558279139
9.098540625000007,0.224112056028014
8.552140625000005,0.224912456228114
8.854615625000006,0.2257128564282141
9.011015625000008,0.2265132566283141
7.087578125000003,0.2273136568284142
6.540178125000003,0.2281140570285142
4.440103125000004,0.2289144572286143
3.8937031250000036,0.2297148574287143
7.638884375000003,0.2305152576288144
9.357284375000004,0.2313156578289144
9.894359375000004,0.2321160580290145
12.785759375000001,0.2329164582291145
10.265559375000004,0.2337168584292146
10.265559375000004,0.2345172586293146
9.572584375000003,0.2353176588294147
9.572584375000003,0.2361180590295147
6.857640625000001,0.2369184592296148
6.857640625000001,0.2377188594297148
6.583940625000001,0.2385192596298149
7.131340625000001,0.2393196598299149
8.161140625000002,0.240120060030015
8.317540625000003,0.240920460230115
10.573015625000004,0.2417208604302151
8.463615625000003,0.2425212606303151
7.766103125000003,0.2433216608304152
7.766103125000003,0.2441220610305152
7.9512781250000035,0.2449224612306153
7.794878125000004,0.2457228614307153
7.897790625000003,0.2465232616308154
7.741390625000004,0.2473236618309154
7.897290625000004,0.2481240620310155
7.7418906250000035,0.2489244622311155
7.839359375000003,0.2497248624312156
7.839359375000003,0.2505252626313157
7.419584375000001,0.2513256628314157
5.309184375000001,0.2521260630315158
6.725821875000001,0.2529264632316158
6.725821875000001,0.2537268634317158
10.348796875000003,0.2545272636318159
10.348796875000003,0.2553276638319159
9.147328125000005,0.256128064032016
9.303728125000003,0.256928464232116
7.282853125000002,0.2577288644322161
8.220253125000001,0.2585292646323162
6.130090625000004,0.2593296648324162
6.130090625000004,0.2601300650325163
5.514815625000003,0.2609304652326163
5.358415625000004,0.2617308654327164
5.4271406250000025,0.2625312656328164
6.755540625000003,0.2633316658329164
8.542315625000002,0.2641320660330165
8.542315625000002,0.2649324662331165
8.010340625000001,0.2657328664332166
5.118940625000003,0.2665332666333166
6.564640625000003,0.2673336668334167
6.564640625000003,0.2681340670335168
5.910121875000005,0.2689344672336168
5.910121875000005,0.2697348674337169
6.486796875000004,0.2705352676338169
5.939396875000004,0.271335667833917
7.267796875000004,0.272136068034017
5.158396875000005,0.2729364682341171
5.910121875000005,0.2737368684342171
5.910121875000005,0.2745372686343171
4.7338156250000045,0.2753376688344172
3.4054156250000043,0.2761380690345172
6.442890625000004,0.2769384692346173
8.942290625000005,0.2777388694347174
7.858528125000006,0.2785392696348174
7.858528125000006,0.2793396698349175
5.4852531250000025,0.2801400700350175
4.156853125000004,0.2809404702351176
4.099340625000003,0.2817408704352176
4.254740625000003,0.2825412706353177
4.791815625000004,0.2833416708354177
5.339215625000004,0.2841420710355177
4.274540625000004,0.2849424712356178
4.274540625000004,0.2857428714357178
4.968015625000002,0.2865432716358179
4.968015625000002,0.2873436718359179
6.061815625000004,0.288144072036018
6.218215625000004,0.2889444722361181
2.2433406250000028,0.2897448724362181
3.9617406250000036,0.2905452726363182
5.085065625000003,0.2913456728364182
5.241465625000003,0.2921460730365183
4.547990625000004,0.2929464732366183
3.610590625000004,0.2937468734367184
4.689934375000002,0.2945472736368184
2.580534375000002,0.2953476738369184
3.605459375000002,0.2961480740370185
1.887059375000001,0.2969484742371185
3.2982593750000007,0.2977488744372186
2.750859375000001,0.2985492746373187
2.5558593750000007,0.2993496748374187
3.493259375000001,0.3001500750375188
4.484409375000003,0.3009504752376188
5.812809375000001,0.3017508754377189
3.6741343750000013,0.3025512756378189
3.6741343750000013,0.303351675837919
1.803934375000001,0.304152076038019
1.803934375000001,0.304952476238119
1.530734375000001,0.3057528764382191
2.077134375000001,0.3065532766383191
2.0870531250000006,0.3073536768384192
2.0870531250000006,0.3081540770385192
3.1705281250000015,0.3089544772386193
3.1705281250000015,0.3097548774387194
4.645290625000002,0.3105552776388194
2.1458906250000007,0.3113556778389195
0.9446156250000008,0.3121560780390195
0.9446156250000008,0.3129564782391196
1.5403781250000002,0.3137568784392196
1.5403781250000002,0.3145572786393197
0.06540312500000012,0.3153576788394197
0.06540312500000012,0.3161580790395197
0.42684062499999986,0.3169584792396198
0.42684062499999986,0.3177588794397198
2.3700156249999997,0.3185592796398199
2.213615625,0.31935967983992
0.7567562500000004,0.32016008004002
-0.9616437500000002,0.3209604802401201
0.9815312500000003,0.3217608804402201
0.9815312500000003,0.3225612806403202
2.13423125,0.3233616808404202
-0.3661687499999998,0.3241620810405203
2.2217562500000003,0.3249624812406203
-2.23164375,0.3257628814407203
-0.7129000000000005,0.3265632816408204
-0.7129000000000005,0.3273636818409204
-1.4845750000000004,0.3281640820410205
-0.5471750000000006,0.3289644822411205
-1.9041375000000005,0.3297648824412206
-0.1857375,0.3305652826413207
0.7423375,0.3313656828414207
1.2887374999999999,0.3321660830415208
1.9549531250000005,0.3329664832416208
1.0175531250000007,0.3337668834417209
1.5644531250000004,0.3345672836418209
1.4080531250000008,0.335367683841921
-0.7939968750000008,0.336168084042021
-1.7313968750000006,0.336968484242121
-4.377871875,0.3377688844422211
-3.4404718750000005,0.3385692846423211
-2.4441718750000008,0.3393696848424212
-2.4441718750000008,0.3401700850425213
-0.8523968750000003,0.3409704852426213
0.8660031250000003,0.3417708854427214
0.2900406250000003,0.3425712856428214
1.2274406250000005,0.3433716858429215
-0.5207343749999999,0.3441720860430215
-0.5207343749999999,0.3449724862431216
-3.3625218750000014,0.3457728864432216
-2.034121875000001,0.3465732866433217
-2.6983218750000013,0.3473736868434217
-2.6983218750000013,0.3481740870435217
-1.395134375000001,0.3489744872436218
-3.1135343750000017,0.3497748874437218
-3.1423093750000013,0.3505752876438219
-3.1423093750000013,0.351375687843922
-2.283396875000001,0.352176088044022
-2.4397968750000016,0.3529764882441221
-0.49662187500000077,0.3537768884442221
-0.49662187500000077,0.3545772886443222
-1.429109375000001,0.3553776888444222
-1.429109375000001,0.3561780890445223
-1.429109375000001,0.3569784892446223
-1.429109375000001,0.3577788894447223
-2.176134375000002,0.3585792896448224
-4.675534375000002,0.3593796898449224
-4.822609375000003,0.3601800900450225
-4.979009375000003,0.3609804902451226
-6.346009375000003,0.3617808904452226
-4.236609375000002,0.3625812906453227
-3.035334375000003,0.3633816908454227
-3.035334375000003,0.3641820910455228
0.5442968749999988,0.3649824912456228
-1.9561031250000012,0.3657828914457229
-0.14917812500000116,0.3665832916458229
-1.8685781250000009,0.367383691845923
-2.898378125000003,0.368184092046023
-6.179778125000004,0.368984492246123
-5.398778125000003,0.3697848924462231
-3.6793781250000026,0.3705852926463231
-3.0160718750000024,0.3713856928464232
-2.078671875000002,0.3721860930465233
-4.0213468750000025,0.3729864932466233
-4.0213468750000025,0.3737868934467234
-3.9040468750000015,0.3745872936468234
-3.357646875000002,0.3753876938469235
-3.2115718750000024,0.3761880940470235
-2.6641718750000027,0.3769884942471236
-2.7326531250000015,0.3777888944472236
-2.889053125000002,0.3785892946473236
-2.537653125000002,0.3793896948474237
-3.0840531250000014,0.3801900950475237
-1.6728531250000016,0.3809904952476238
-2.610253125000001,0.3817908954477239
-6.272328125000001,0.3825912956478239
-6.428728125000001,0.383391695847924
-4.573015625000003,0.384192096048024
-4.416615625000003,0.3849924962481241
-4.270540625000003,0.3857928964482241
-4.114140625000002,0.3865932966483242
-1.4775781250000009,0.3873936968484242
-1.3211781250000012,0.3881940970485243
-0.2377031250000009,0.3889944972486243
-1.5661031250000006,0.3897948974487243
-2.4834156250000023,0.3905952976488244
-4.201815625000003,0.3913956978489245
-5.598590625000003,0.3921960980490245
-5.598590625000003,0.3929964982491246
-6.819728125000001,0.3937968984492246
-3.928328125000002,0.3945972986493247
-4.563253125000003,0.3953976988494247
-4.016853125000003,0.3961980990495248
-3.0889843750000012,0.3969984992496248
-3.0889843750000012,0.3977988994497249
-3.0889843750000012,0.3985992996498249
-3.0889843750000012,0.3993996998499249
-2.9670218750000017,0.400200100050025
-3.904421875000002,0.401000500250125
-2.742246875000001,0.4018009004502251
-2.742246875000001,0.4026013006503252
-2.561615625000002,0.4034017008504252
-2.561615625000002,0.4042021010505253
-3.255090625000002,0.4050025012506253
-3.255090625000002,0.4058029014507254
-4.788028125000002,0.4066033016508254
-4.788028125000002,0.4074037018509255
-4.290053125000003,0.4082041020510255
-4.290053125000003,0.4090045022511256
-1.204378125000001,0.4098049024512256
-1.204378125000001,0.4106053026513256
-0.6277031250000009,0.4114057028514257
-0.784103125000001,0.4122061030515258
-1.7711406250000015,0.4130065032516258
-2.7085406250000017,0.4138069034517259
-4.885815625000002,0.4146073036518259
-4.885815625000002,0.415407703851926
-7.327028125000003,0.416208104052026
-7.327028125000003,0.4170085042521261
-5.345253125000004,0.4178089044522261
-4.0168531250000035,0.4186093046523262
-2.669090625000002,0.4194097048524262
-2.669090625000002,0.4202101050525263
-2.6398156250000024,0.4210105052526263
-2.483415625000002,0.4218109054527263
-1.4874031250000015,0.4226113056528264
-1.4874031250000015,0.4234117058529265
-3.430578125000002,0.4242121060530265
-2.884178125000002,0.4250125062531266
-3.289128125000002,0.4258129064532266
-3.445528125000002,0.4266133066533267
-2.898628125000002,0.4274137068534267
-3.836028125000002,0.4282141070535268
-6.663328125000003,0.4290145072536268
-6.819728125000003,0.4298149074537269
-6.126253125000003,0.4306153076538269
-4.406853125000003,0.4314157078539269
-3.8405906250000017,0.432216108054027
-3.8405906250000017,0.4330165082541271
-2.093415625000002,0.4338169084542271
-2.248815625000002,0.4346173086543272
-1.311415625000001,0.4354177088544272
-2.2488156250000007,0.4362181090545273
-3.567890625000002,0.4370185092546273
-5.286290625000001,0.4378189094547274
-6.2723281250000005,0.4386193096548274
-6.428728125,0.4394197098549275
-5.4620531250000015,0.4402201100550275
-5.4620531250000015,0.4410205102551276
-1.697271875000001,0.4418209104552276
-4.197671875000002,0.4426213106553276
-2.6444968750000024,0.4434217108554277
-2.6444968750000024,0.4442221110555278
-2.1760468750000017,0.4450225112556278
-2.722446875000002,0.4458229114557279
-3.1427218750000026,0.4466233116558279
-3.1427218750000026,0.447423711855928
-3.0251531250000006,0.448224112056028
-4.353553125000001,0.4490245122561281
-3.416153125000001,0.4498249124562281
-3.9625531250000012,0.4506253126563282
-3.8995531250000015,0.4514257128564282
-3.8995531250000015,0.4522261130565282
-4.084728125000001,0.4530265132566283
-3.928328125000001,0.4538269134567284
-4.573015625000003,0.4546273136568284
-4.416615625000003,0.4554277138569285
-4.270540625000002,0.4562281140570285
-2.9421406250000017,0.4570285142571286
-2.2689031250000014,0.4578289144572286
-2.2689031250000014,0.4586293146573287
-2.884178125000001,0.4594297148574287
-3.430578125000001,0.4602301150575288
-2.7179156250000025,0.4610305152576288
-2.7179156250000025,0.4618309154577289
-4.582890625000003,0.4626313156578289
-4.582890625000003,0.4634317158579289
-3.6504031250000026,0.464232116058029
-3.6504031250000026,0.4650325162581291
-3.377203125000003,0.4658329164582291
-3.9236031250000023,0.4666333166583292
-3.4016656250000024,0.4674337168584292
-3.4016656250000024,0.4682341170585293
-3.899140625000003,0.4690345172586293
-3.899140625000003,0.4698349174587294
-2.6397156250000027,0.4706353176588294
-3.577115625000002,0.4714357178589295
-4.192390625000003,0.4722361180590295
-4.192390625000003,0.4730365182591295
-2.4249093750000004,0.4738369184592296
-2.581309375000001,0.4746373186593297
-2.5031093750000006,0.4754377188594297
-2.5031093750000006,0.4762381190595298
-2.4249093750000004,0.4770385192596298
-2.581309375000001,0.4778389194597299
-2.5031093750000006,0.4786393196598299
-2.5031093750000006,0.47943971985993
-1.9120531250000008,0.48024012006003
-1.756653125000001,0.4810405202601301
-1.834353125000001,0.4818409204602301
-1.834353125000001,0.4826413206603302
-2.453853125,0.4834417208604302
-4.954253125,0.4842421210605303
-5.647728125000001,0.4850425212606303
-4.319328125000001,0.4858429214607304
-5.037621875000003,0.4866433216608304
-4.490221875000003,0.4874437218609305
-1.4537468750000007,0.4882441220610305
-2.000146875000001,0.4890445222611306
-0.3009843750000007,0.4898449224612306
-0.3009843750000007,0.4906453226613307
0.5879906249999995,0.4914457228614307
0.5879906249999995,0.4922461230615308
-0.9896781250000006,0.4930465232616308
-0.833278125000001,0.4938469234617309
-2.1904531250000012,0.4946473236618309
-2.1904531250000012,0.495447723861931
-1.082265625000001,0.496248124062031
-2.019665625000001,0.4970485242621311
-0.10576562500000097,0.4978489244622311
-2.996165625000001,0.4986493246623312
-3.8847343750000016,0.4994497248624312
-3.8847343750000016,0.5002501250625313
-3.855459375000002,0.5010505252626314
-3.3090593750000017,0.5018509254627314
-1.0624968749999997,0.5026513256628314
-0.9060968749999999,0.5034517258629315
-0.09582187499999961,0.5042521260630316
-0.09582187499999961,0.5050525262631316
-0.5544968750000003,0.5058529264632317
-1.8828968750000001,0.5066533266633317
-0.8579718750000007,0.5074537268634317
-3.748371875000001,0.5082541270635318
-4.031109375000001,0.5090545272636319
-4.031109375000001,0.5098549274637318
-1.8533343750000004,0.5106553276638319
-0.1349343750000005,0.511455727863932
1.5598968750000008,0.5122561280640321
1.7152968750000006,0.5130565282641321
-0.03237812500000009,0.5138569284642321
-0.03237812500000009,0.5146573286643322
-2.542315625000001,0.5154577288644322
-2.542315625000001,0.5162581290645323
-1.3801406250000015,0.5170585292646324
-3.4895406250000014,0.5178589294647324
-1.3020906250000006,0.5186593296648324
-1.3020906250000006,0.5194597298649325
-0.9991156250000006,0.5202601300650326
-0.9991156250000006,0.5210605302651325
-0.7750531250000002,0.5218609304652326
-0.7750531250000002,0.5226613306653327
-2.522728125000001,0.5234617308654328
-0.8043281250000002,0.5242621310655328
-0.5813499999999997,0.5250625312656328
-0.5813499999999997,0.5258629314657329
1.8701250000000005,0.5266633316658329
1.8701250000000005,0.527463731865933
2.3678875,0.5282641320660331
1.0404875000000002,0.5290645322661331
-0.7472874999999999,0.5298649324662331
-0.7472874999999999,0.5306653326663332
-1.3523000000000003,0.5314657328664333
-2.2897,0.5322661330665333
-1.2062250000000005,0.5330665332666333
-1.049825000000001,0.5338669334667334
2.4366125000000003,0.5346673336668335
0.7182124999999998,0.5354677338669335
-0.8740625000000006,0.5362681340670336
-0.8740625000000006,0.5370685342671336
-1.58228125,0.5378689344672336
-1.0348812500000009,0.5386693346673337
-0.22460625,0.5394697348674338
-0.22460625,0.5402701350675339
0.4198562500000002,0.5410705352676338
0.4198562500000002,0.5418709354677339
1.1910312500000002,0.542671335667834
1.0356312500000004,0.543471735867934
1.2056875,0.544272136068034
1.0502875000000003,0.5450725362681341
-1.1279875000000001,0.5458729364682342
-1.1279875000000001,0.5466733366683342
-0.9134375,0.5474737368684343
0.024962499999999888,0.5482741370685343
-1.3919625000000002,0.5490745372686343
2.2804375000000006,0.5498749374687344
-0.4569781249999998,0.5506753376688345
2.043421875,0.5514757378689346
-4.275453125,0.5522761380690345
0.1779468749999995,0.5530765382691346
-0.857703125,0.5538769384692347
-0.7013031250000004,0.5546773386693347
-1.7262281250000002,0.5554777388694347
0.7741718749999997,0.5562781390695348
1.3353281249999998,0.5570785392696348
1.881728125,0.5578789394697349
0.7982531249999995,0.558679339669835
0.2508531249999998,0.559479739869935
0.5536156250000002,0.560280140070035
0.5536156250000002,0.5610805402701351
1.2475906250000004,0.5618809404702352
1.2475906250000004,0.5626813406703352
1.2180281250000002,0.5634817408704352
1.2180281250000002,0.5642821410705353
0.7200531250000005,0.5650825412706354
0.7200531250000005,0.5658829414707354
0.661590625,0.5666833416708354
0.661590625,0.5674837418709355
0.4368156249999998,0.5682841420710355
-1.672584375,0.5690845422711356
-0.6378968750000001,0.5698849424712357
-2.356296875000001,0.5706853426713357
0.8375781250000001,0.5714857428714357
0.29017812499999995,0.5722861430715358
0.7391406250000001,0.5730865432716359
1.2865406249999998,0.5738869434717359
1.3153156250000004,0.5746873436718359
1.3153156250000004,0.575487743871936
2.116278125000001,0.5762881440720361
1.178878125000001,0.5770885442721361
0.6418031250000006,0.5778889444722362
0.4854031250000007,0.5786893446723362
1.105590625000001,0.5794897448724362
1.105590625000001,0.5802901450725363
1.105590625000001,0.5810905452726364
1.105590625000001,0.5818909454727365
1.105590625000001,0.5826913456728364
1.105590625000001,0.5834917458729365
-0.14460937499999948,0.5842921460730366
2.3557906250000014,0.5850925462731366
-0.14460937499999904,0.5858929464732366
2.355790625000001,0.5866933466733367
0.636890625000001,0.5874937468734368
1.5742906250000008,0.5882941470735368
1.208340625000001,0.5890945472736369
1.208340625000001,0.5898949474737369
2.6828156250000017,0.5906953476738369
2.6828156250000017,0.591495747873937
-0.5643593749999999,0.5922961480740371
-0.5643593749999999,0.5930965482741372
-0.6425593749999997,0.5938969484742371
-0.48615937500000006,0.5946973486743372
0.2804156250000005,0.5954977488744373
0.4368156250000004,0.5962981490745373
2.9268906250000017,0.5970985492746373
3.473290625000002,0.5978989494747374
1.8477906250000002,0.5986993496748375
1.8477906250000002,0.5994997498749375
1.8477906250000002,0.6003001500750376
1.8477906250000002,0.6011005502751376
1.4038406250000013,0.6019009504752376
1.4038406250000013,0.6027013506753377
2.4878156250000014,0.6035017508754378
2.4878156250000014,0.6043021510755378
1.2374031250000008,0.6051025512756378
1.2374031250000008,0.6059029514757379
1.462178125000001,0.606703351675838
2.3995781250000014,0.607503751875938
1.799153125000001,0.608304152076038
3.517553125000001,0.6091045522761381
2.580153125000001,0.6099049524762381
2.736553125000001,0.6107053526763382
3.2585531250000015,0.6115057528764383
3.2585531250000015,0.6123061530765384
2.1163281250000012,0.6131065532766383
4.616728125000002,0.6139069534767384
5.119421875000002,0.6147073536768385
4.182021875000002,0.6155077538769385
-0.027453124999998912,0.6163081540770385
0.5199468750000011,0.6171085542771386
2.526684375000001,0.6179089544772387
2.3702843750000016,0.6187093546773387
2.4484843750000014,0.6195097548774388
2.4484843750000014,0.6203101550775388
3.923253125000002,0.6211105552776388
2.9858531250000016,0.6219109554777389
4.616728125000001,0.622711355677839
4.460328125000001,0.6235117558779391
1.5202906250000003,0.624312156078039
0.5828906250000006,0.6251125562781391
-0.11058437499999929,0.6259129564782392
1.9988156250000007,0.6267133566783392
3.127053125000002,0.6275137568784392
2.5806531250000018,0.6283141570785393
2.853853125000002,0.6291145572786394
2.853853125000002,0.6299149574787394
2.868553125000002,0.6307153576788395
2.868553125000002,0.6315157578789395
4.8503281250000025,0.6323161580790395
5.006728125000002,0.6331165582791396
3.976528125000003,0.6339169584792397
3.4301281250000026,0.6347173586793398
4.367028125000003,0.6355177588794397
3.039628125000003,0.6363181590795398
4.078878125000003,0.6371185592796399
4.078878125000003,0.6379189594797399
1.3161031250000017,0.63871935967984
0.3777031250000018,0.63951975987994
1.0036343750000003,0.6403201600800401
0.06523437500000029,0.6411205602801401
0.5344343750000002,0.6419209604802402
0.5344343750000002,0.6427213606803402
3.8981593750000023,0.6435217608804402
4.445559375000002,0.6443221610805403
4.533084375000001,0.6451225612806404
3.2056843750000015,0.6459229614807405
3.6344843750000018,0.6467233616808404
3.6344843750000018,0.6475237618809405
1.9650093750000006,0.6483241620810406
1.9650093750000006,0.6491245622811406
1.755309375000001,0.6499249624812407
1.755309375000001,0.6507253626813407
1.755309375000001,0.6515257628814407
1.755309375000001,0.6523261630815408
2.0430406250000015,0.6531265632816409
2.0430406250000015,0.653926963481741
2.0430406250000015,0.6547273636818409
2.0430406250000015,0.655527763881941
2.389815625000002,0.6563281640820411
1.4524156250000018,0.6571285642821411
2.0285906250000014,0.6579289644822411
2.0285906250000014,0.6587293646823412
1.823615625000001,0.6595297648824413
1.9800156250000007,0.6603301650825413
1.7938406250000012,0.6611305652826414
1.7938406250000012,0.6619309654827414
1.1597031250000014,0.6627313656828414
1.7061031250000012,0.6635317658829415
1.6185781250000013,0.6643321660830416
1.4621781250000017,0.6651325662831417
1.0328531250000015,0.6659329664832416
1.9702531250000013,0.6667333666833417
3.0537281250000023,0.6675337668834418
2.507328125000002,0.6683341670835418
3.0832906250000005,0.6691345672836418
0.9738906250000006,0.6699349674837419
0.045815624999999915,0.670735367683842
-1.2825843749999999,0.671535767883942
-1.106596875,0.6723361680840421
-1.106596875,0.6731365682841421
3.1805781250000007,0.6739369684842421
1.8531781250000008,0.6747373686843422
3.151015625000001,0.6755377688844423
0.6516156250000005,0.6763381690845424
0.3491406250000004,0.6771385692846423
0.8955406250000004,0.6779389694847424
1.0277093750000006,0.6787393696848425
1.0277093750000006,0.6795397698849425
1.642484375000001,0.6803401700850426
2.579884375000001,0.6811405702851426
1.5694468750000008,0.6819409704852427
1.5694468750000008,0.6827413706853427
1.5694468750000008,0.6835417708854428
1.5694468750000008,0.6843421710855428
0.44657812499999966,0.6851425712856428
-0.4908218750000006,0.6859429714857429
-0.7155968750000005,0.686743371685843
-0.7155968750000005,0.6875437718859431
-0.007671875000000328,0.688344172086043
-0.007671875000000328,0.6891445722861431
-0.007671875000000328,0.6899449724862432
-0.007671875000000328,0.6907453726863432
-0.5419875000000002,0.6915457728864433
-0.5419875000000002,0.6923461730865433
0.5419875000000002,0.6931465732866434
0.5419875000000002,0.6939469734867434
-0.1514875,0.6947473736868435
-0.1514875,0.6955477738869436
0.0732875,0.6963481740870435
0.2296875,0.6971485742871436
1.1620812500000004,0.6979489744872437
1.1620812500000004,0.6987493746873438
0.07810625000000015,0.6995497748874437
0.07810625000000015,0.7003501750875438
0.01964374999999985,0.7011505752876439
0.01964374999999985,0.7019509754877439
-2.119031250000001,0.702751375687844
-0.4006312500000001,0.703551775887944
-0.6183781250000001,0.704352176088044
-0.6183781250000001,0.7051525762881441
0.856596875,0.7059529764882442
0.856596875,0.7067533766883443
-0.20814062500000063,0.7075537768884442
-1.5365406250000004,0.7083541770885443
-2.542315625000001,0.7091545772886444
-2.542315625000001,0.7099549774887444
-2.1317281250000004,0.7107553776888444
-1.5853281250000006,0.7115557778889445
-1.8292531250000006,0.7123561780890446
-1.2828531250000004,0.7131565782891446
0.17288437499999948,0.7139569784892447
0.17288437499999948,0.7147573786893447
-0.4428906250000003,0.7155577788894447
-2.161290625000001,0.7163581790895448
-1.4582656250000008,0.7171585792896449
-1.4582656250000008,0.717958979489745
-0.49159062500000084,0.7187593796898449
-2.2099906250000005,0.719559779889945
-1.2530406250000008,0.7203601800900451
-1.2530406250000008,0.7211605802901451
-0.5013156250000008,0.7219609804902452
-2.610715625000001,0.7227613806903452
-2.1709968750000015,0.7235617808904453
-2.1709968750000015,0.7243621810905453
-2.1709968750000015,0.7251625812906454
-2.1709968750000015,0.7259629814907455
-0.2913218750000002,0.7267633816908454
-0.2913218750000002,0.7275637818909455
-0.9847968750000002,0.7283641820910456
-0.9847968750000002,0.7291645822911457
0.6854906249999999,0.7299649824912456
0.6854906249999999,0.7307653826913457
-1.7659843750000008,0.7315657828914458
-1.7659843750000008,0.7323661830915458
-3.0697343750000026,0.7331665832916459
-4.007134375000003,0.7339669834917459
-3.5384343750000027,0.734767383691846
-3.5384343750000027,0.735567783891946
-2.659528125000002,0.7363681840920461
-1.7221281250000016,0.7371685842921462
-1.8878531250000017,0.7379689844922461
-1.8878531250000017,0.7387693846923462
0.3385968749999988,0.7395697848924463
-2.942803125000002,0.7403701850925464
-1.1358781250000014,0.7411705852926463
-4.417278125000002,0.7419709854927464
-1.0335531250000007,0.7427713856928465
-0.877153125000001,0.7435717858929465
-0.877153125000001,0.7443721860930466
-1.0335531250000007,0.7451725862931466
-3.5383281250000023,0.7459729864932467
-4.0847281250000025,0.7467733866933467
-3.508553125000002,0.7475737868934468
-3.508553125000002,0.7483741870935469
-2.6200156250000006,0.7491745872936468
-2.0736156250000013,0.7499749874937469
-1.262840625000001,0.750775387693847
-1.262840625000001,0.751575787893947
-0.7841031250000007,0.752376188094047
-0.6277031250000006,0.7531765882941471
-0.5401781250000008,0.7539769884942472
-4.211578125000002,0.7547773886943472
-4.406853125000002,0.7555777888944473
-4.954253125000002,0.7563781890945473
-6.038728125000002,0.7571785892946473
-4.710328125000002,0.7579789894947474
-4.622090625000003,0.7587793896948475
-4.622090625000003,0.7595797898949476
-3.4208156250000026,0.7603801900950475
-2.0934156250000027,0.7611805902951476
-2.4494968750000017,0.7619809904952477
-2.4494968750000017,0.7627813906953477
-2.7519718750000015,0.7635817908954478
-2.7519718750000015,0.7643821910955478
-3.4599343750000013,0.7651825912956479
-1.7415343750000023,0.7659829914957479
-2.5230343750000017,0.766783391695848
-2.678434375000002,0.767583791895948
-3.054421875000002,0.768384192096048
-3.6018218750000015,0.7691845922961481
-3.357896875000002,0.7699849924962482
-3.513296875000002,0.7707853926963483
-5.271296875000001,0.7715857928964482
-3.1618968750000014,0.7723861930965483
-2.469421875000002,0.7731865932966484
-2.624821875000002,0.7739869934967484
-2.146403125000001,0.7747873936968485
-2.3028031250000014,0.7755877938969485
-1.1699031250000014,0.7763881940970486
-3.279303125000001,0.7771885942971486
-3.6258531250000017,0.7779889944972487
-3.782253125000002,0.7787893946973488
-6.155528125000003,0.7795897948974487
-6.155528125000003,0.7803901950975488
-6.1360156250000015,0.7811905952976489
-3.245615625000002,0.781990995497749
-3.8795406250000006,0.782791395697849
-2.9421406250000004,0.783591795897949
-1.8784031250000015,0.7843921960980491
-1.8784031250000015,0.7851925962981491
-0.9311781250000015,0.7859929964982492
-3.0405781250000015,0.7867933966983492
-4.954253125000004,0.7875937968984493
-4.406853125000004,0.7883941970985493
-6.428728125000004,0.7891945972986494
-3.9283281250000046,0.7899949974987495
-4.036090625000002,0.7907953976988494
-4.036090625000002,0.7915957978989495
-3.2644156250000016,0.7923961980990496
-3.8118156250000013,0.7931965982991497
-4.412221875000002,0.7939969984992497
-4.412221875000002,0.7947973986993497
-3.523746875000002,0.7955977988994498
-3.523746875000002,0.7963981990995498
-5.608684375000002,0.7971985992996499
-2.3272843750000014,0.79799899949975
-4.632184375000001,0.7987993996998499
-3.303784375000002,0.79959979989995
-2.757115625000003,0.8004002001000501
-2.757115625000003,0.8012006003001502
-6.4582906250000045,0.8020010005002501
-4.738890625000004,0.8028014007003502
-5.256728125000005,0.8036018009004503
-4.710328125000005,0.8044022011005503
-4.876053125000004,0.8052026013006504
-4.876053125000004,0.8060030015007504
-6.067290625000004,0.8068034017008505
-4.348890625000003,0.8076038019009505
-4.983815625000003,0.8084042021010506
-4.827415625000003,0.8092046023011507
-4.406853125000005,0.8100050025012506
-5.345253125000005,0.8108054027013507
-7.209728125000004,0.8116058029014508
-6.272328125000004,0.8124062031015509
-5.042234375000004,0.8132066033016508
-5.042234375000004,0.8140070035017509
-5.042234375000004,0.814807403701851
-5.042234375000004,0.815607803901951
-5.603771875000005,0.8164082041020511
-5.760171875000005,0.8172086043021511
-4.129296875000003,0.8180090045022512
-4.675696875000003,0.8188094047023512
-5.696409375000003,0.8196098049024513
-6.633809375000003,0.8204102051025514
-6.165109375000003,0.8212106053026513
-6.165109375000003,0.8220110055027514
-6.677821875000003,0.8228114057028515
-4.568421875000002,0.8236118059029516
-6.707096875000004,0.8244122061030515
-6.707096875000004,0.8252126063031516
-8.499028125000006,0.8260130065032517
-8.499028125000006,0.8268134067033517
-5.969853125000005,0.8276138069034518
-6.126253125000004,0.8284142071035518
-6.155815625000003,0.8292146073036519
-3.6554156250000025,0.8300150075037519
-5.208090625000003,0.830815407703852
-5.208090625000003,0.8316158079039521
-5.7793718750000025,0.832416208104052
-5.935771875000002,0.8332166083041521
-6.081846875000001,0.8340170085042522
-7.020246875000001,0.8348174087043523
-7.6934843750000015,0.8356178089044523
-7.6934843750000015,0.8364182091045523
-5.749809375000004,0.8372186093046524
-7.078209375000005,0.8380190095047524
-5.8961843750000025,0.8388194097048525
-8.005584375000003,0.8396198099049526
-7.137059375000003,0.8404202101050526
-6.980659375000004,0.8412206103051526
-7.1666218750000015,0.8420210105052527
-5.838221875000001,0.8428214107053528
-7.254146875000002,0.8436218109054527
-4.753746875000001,0.8444222111055528
-9.168434375000004,0.8452226113056529
-6.668034375000003,0.8460230115057529
-5.857759375000004,0.846823411705853
-5.857759375000004,0.847623811905953
-7.3469343750000045,0.8484242121060531
-7.3469343750000045,0.8492246123061531
-7.425134375000004,0.8500250125062532
-7.268734375000005,0.8508254127063533
-7.6597031250000045,0.8516258129064532
-7.6597031250000045,0.8524262131065533
-6.301528125000004,0.8532266133066534
-6.848928125000004,0.8540270135067535
-7.239428125000006,0.8548274137068534
-5.911028125000006,0.8556278139069535
-7.386503125000003,0.8564282141070536
-7.932903125000003,0.8572286143071536
-9.138934375000005,0.8580290145072537
-8.591534375000005,0.8588294147073537
-8.836459375000006,0.8596298149074538
-5.945059375000005,0.8604302151075538
-5.193621875000003,0.8612306153076539
-5.350021875000003,0.862031015507754
-6.277096875000003,0.8628314157078539
-7.996496875000002,0.863631815907954
-5.178465625000005,0.8644322161080541
-7.678865625000004,0.8652326163081542
-6.653940625000004,0.8660330165082541
-9.153340625000004,0.8668334167083542
-7.805640625000003,0.8676338169084543
-7.805640625000003,0.8684342171085543
-7.5813656250000045,0.8692346173086544
-5.4719656250000055,0.8700350175087544
-5.705703125000004,0.8708354177088545
-7.425103125000004,0.8716358179089545
-6.946578125000003,0.8724362181090546
-6.790178125000003,0.8732366183091547
-5.677140625000005,0.8740370185092546
-7.395540625000004,0.8748374187093547
-7.425315625000005,0.8756378189094548
-7.425315625000005,0.8764382191095549
-7.107603125000005,0.8772386193096549
-7.107603125000005,0.8780390195097549
-6.247903125000006,0.878839419709855
-7.967303125000004,0.879639819909955
-7.293590625000004,0.8804402201100551
-9.792990625000005,0.8812406203101552
-8.543290625000004,0.8820410205102552
-8.543290625000004,0.8828414207103552
-5.798928125000002,0.8836418209104553
-4.080528125000003,0.8844422211105554
-5.164003125000004,0.8852426213106553
-5.711403125000004,0.8860430215107554
-4.725178125000003,0.8868434217108555
-4.568778125000003,0.8876438219109556
-4.4802531250000035,0.8884442221110556
-6.980653125000003,0.8892446223111556
-5.633203125000004,0.8900450225112557
-5.633203125000004,0.8908454227113557
-4.744228125000004,0.8916458229114558
-4.744228125000004,0.8924462231115559
-2.029778125000003,0.8932466233116558
-6.092178125000004,0.8940470235117559
-5.8472531250000035,0.894847423711856
-6.785653125000003,0.8956478239119561
-7.444328125000002,0.896448224112056
-7.600728125000002,0.8972486243121561
-5.853053125000004,0.8980490245122562
-5.853053125000004,0.8988494247123562
-3.3332906250000027,0.8996498249124563
-3.176890625000003,0.9004502251125563
-3.147615625000002,0.9012506253126564
-3.147615625000002,0.9020510255127564
-3.879540625000002,0.9028514257128564
-3.7241406250000018,0.9036518259129566
-5.471815625000001,0.9044522261130564
-5.471815625000001,0.9052526263131566
-5.7745781250000014,0.9060530265132568
-3.274178125000001,0.9068534267133568
-3.5191031250000018,0.9076538269134568
-2.1907031250000024,0.9084542271135568
-5.071553125000002,0.9092546273136568
-5.071553125000002,0.9100550275137568
-6.9365281250000015,0.910855427713857
-6.9365281250000015,0.911655827913957
-4.744303125000004,0.9124562281140572
-3.8069031250000034,0.9132566283141572
-4.353803125000004,0.9140570285142572
-4.197403125000003,0.9148574287143572
-4.460971875000002,0.9156578289144572
-4.460971875000002,0.9164582291145572
-2.517796875000002,0.9172586293146574
-4.236196875000003,0.9180590295147576
-4.480521875000003,0.9188594297148576
-6.5899218750000035,0.9196598299149576
-3.552446875000002,0.9204602301150576
-1.0530468750000017,0.9212606303151576
-1.1210718750000013,0.9220610305152576
-1.1210718750000013,0.9228614307153578
-2.400546875000001,0.9236618309154578
-2.400546875000001,0.9244622311155578
-5.105484375000003,0.925262631315658
-5.105484375000003,0.926063031515758
-4.803009375000004,0.926863431715858
-4.803009375000004,0.927663831915958
-6.990559375000004,0.928464232116058
-6.053159375000005,0.9292646323161582
-3.5620843750000017,0.9300650325162582
-2.6246843750000015,0.9308654327163582
-1.9074343750000018,0.9316658329164584
-1.9074343750000018,0.9324662331165584
-1.829734375000002,0.9332666333166584
-1.9851343750000017,0.9340670335167583
-1.570634375000001,0.9348674337168584
-1.4142343750000013,0.9356678339169584
-1.765634375000001,0.9364682341170586
-1.2192343750000012,0.9372686343171588
-4.338634375000002,0.9380690345172586
-4.338634375000002,0.9388694347173588
-4.915309375000001,0.9396698349174588
-3.9779093750000016,0.9404702351175588
-3.0450468750000015,0.9412706353176588
-5.154446875000002,0.942071035517759
-4.099746875000002,0.942871435717859
-4.099746875000002,0.943671835917959
-2.6009968750000008,0.9444722361180592
-2.053596875000001,0.9452726363181592
-1.5165218750000005,0.9460730365182592
-0.9701218750000007,0.9468734367183592
-2.248815625,0.9476738369184592
-1.3114156250000006,0.9484742371185594
-2.7858906250000013,0.9492746373186594
-2.942290625000001,0.9500750375187594
-4.128740625,0.9508754377188596
-2.019340625,0.9516758379189596
-3.7382406250000004,0.9524762381190596
-2.4098406249999993,0.9532766383191597
-0.5401781250000002,0.9540770385192596
-3.040578125000001,0.9548774387193596
-0.6277031250000007,0.9556778389194598
-1.9561031250000005,0.95647823911956
-2.1611406250000016,0.9572786393196598
-2.7085406250000013,0.95807903951976
-2.620015625,0.95887943971986
-2.4636156250000005,0.95967983991996
-1.5608718750000006,0.96048024012006
-1.5608718750000006,0.96128064032016
-1.2876718750000005,0.9620810405202602
-1.8340718750000007,0.9628814407203602
-0.1591218750000002,0.9636818409204604
-0.0027218750000001513,0.9644822411205604
0.29975312499999984,0.9652826413206604
0.14335312500000003,0.9660830415207604
-1.1357468750000006,0.9668834417208604
0.5826531250000001,0.9676838419209606
-0.16907187500000043,0.9684842421210604
-0.16907187500000043,0.9692846423211606
-0.2573093750000005,0.9700850425212608
-0.41370937500000027,0.9708854427213608
-2.1217843750000007,0.9716858429214608
-2.2781843750000004,0.9724862431215608
-1.9631312500000007,0.9732866433216608
-2.119531250000001,0.9740870435217608
-1.9338562500000014,0.974887443721861
-1.9338562500000014,0.9756878439219612
0.9769062500000009,0.9764882441220613
1.1333062500000006,0.9772886443221612
2.9200812500000013,0.9780890445222612
2.9200812500000013,0.9788894447223612
1.9722812500000007,0.9796898449224613
1.0348812500000009,0.9804902451225612
1.2798062500000005,0.9812906453226614
-0.048593749999999214,0.9820910455227616
-1.8943312500000011,0.9828914457228616
-1.8943312500000011,0.9836918459229615
-0.2248562500000003,0.9844922461230616
-0.2248562500000003,0.9852926463231616
0.7032500000000002,0.9860930465232616
0.7032500000000002,0.9868934467233618
-0.10702499999999993,0.9876938469234618
-0.6544249999999996,0.9884942471235618
-0.21478750000000002,0.989294647323662
-0.2147874999999999,0.990095047523762
1.0641875000000005,0.990895447723862
1.0641875000000005,0.991695847923962
2.0607750000000005,0.992496248124062
2.217175,0.993296648324162
1.1327,0.9940970485242622
0.9763000000000003,0.9948974487243624
-1.6602625000000009,0.9956978489244624
-2.2066625000000006,0.9964982491245624
-3.2911375000000014,0.9972986493246624
-1.5727375000000006,0.9980990495247624
-0.9211468750000003,0.9988994497248624
1.9702531250000002,0.9996998499249624
1.491728125,1.0005002501250626
1.3353281250000004,1.001300650325163
3.0832906250000005,1.0021010505252628
0.9738906250000006,1.0029014507253629
-0.617884375,1.0037018509254627
-0.617884375,1.0045022511255628
0.6076406250000005,1.0053026513256629
0.6076406250000005,1.006103051525763
0.6076406250000005,1.006903451725863
0.6076406250000005,1.0077038519259631
0.4268406250000002,1.0085042521260632
0.4268406250000002,1.009304652326163
1.7058156250000005,1.0101050525262631
1.7058156250000005,1.0109054527263632
1.198015625,1.011705852926463
-0.911384375,1.0125062531265634
-0.43285937500000005,1.0133066533266637
0.505540625,1.0141070535267631
-0.44705937500000004,1.0149074537268634
0.4903406250000002,1.0157078539269635
0.02164062499999997,1.0165082541270636
0.02164062499999997,1.0173086543271637
-1.516184375000001,1.0181090545272635
-2.0635843750000005,1.0189094547273638
-1.2919093750000008,1.0197098549274637
-1.2919093750000008,1.0205102551275638
-2.8741468749999997,1.021310655327664
3.923253125000001,1.022111055527764
2.507328125000001,1.022911455727864
4.616728125000001,1.023711855927964
3.5840312500000016,1.0245122561280642
2.2556312500000013,1.025312656328164
-0.23444374999999984,1.026113056528264
-2.3438437499999996,1.0269134567283642
-0.8690812500000005,1.0277138569284645
-0.8690812500000005,1.0285142571285644
-0.7616062500000007,1.0293146573286645
-0.7616062500000007,1.0301150575287643
-0.6690937500000003,1.0309154577288644
-0.6690937500000003,1.0317158579289645
-1.1382937500000003,1.0325162581290646
-0.19989375000000031,1.0333166583291646
0.25363125000000075,1.0341170585292647
1.9730312500000005,1.0349174587293648
-0.8298437499999999,1.0357178589294649
1.27955625,1.0365182591295647
1.6525031250000008,1.0373186593296648
1.6525031250000008,1.038119059529765
-0.29167187499999936,1.038919459729865
-0.1352718749999996,1.039719859929965
-0.2909218749999998,1.0405202601300652
1.4274781250000008,1.0413206603301652
0.011553125000000386,1.042121060530265
1.729953125000001,1.0429214607303652
0.16799062499999962,1.0437218609304653
-0.37940937500000005,1.0445222611305651
-1.853884375000001,1.0453226613306654
-1.6974843750000008,1.0461230615307655
-1.3556593750000003,1.0469234617308656
-0.41825937500000043,1.0477238619309654
-2.049134375000001,1.0485242621310655
0.06026562499999988,1.0493246623311656
-0.9699343749999996,1.0501250625312657
1.5304656250000004,1.0509254627313658
0.2802656250000004,1.051725862931466
0.2802656250000003,1.052526263131566
0.7245031250000004,1.0533266633316658
0.7245031250000004,1.054127063531766
-0.4376718749999995,1.054927463731866
0.10972812500000018,1.055727863931966
1.0325843749999997,1.056528264132066
0.09418437499999976,1.0573286643321662
-2.7858906250000004,1.0581290645322663
-3.333290625000001,1.0589294647323662
-3.616028125000001,1.0597298649324662
-3.616028125000001,1.0605302651325663
-2.728053125000001,1.0613306653326664
-2.728053125000001,1.0621310655327665
-2.683546875000001,1.0629314657328666
-2.137146875000001,1.0637318659329666
0.4316281249999998,1.0645322661330665
0.4316281249999998,1.0653326663331666
0.724628125,1.066133066533267
0.724628125,1.0669334667333668
-1.6486468750000012,1.0677338669334668
-3.758046875000001,1.068534267133567
-2.5522906250000013,1.069334667333667
-0.05189062500000019,1.0701350675337669
-1.1946156250000006,1.070935467733867
-1.1946156250000006,1.071735867933967
-1.2828531250000008,1.072536268134067
-2.6102531250000003,1.0733366683341672
-2.2495281250000008,1.0741370685342673
-2.2495281250000008,1.0749374687343674
-3.635615625000001,1.0757378689344672
-4.183015625000002,1.0765382691345673
-3.8795406250000015,1.0773386693346674
-2.1611406250000007,1.0781390695347677
-0.5109031250000003,1.0789394697348675
-0.5109031250000003,1.0797398699349676
-0.14917812500000027,1.0805402701350677
-1.868578125,1.0813406703351676
-2.278590625000002,1.0821410705352676
-2.278590625000002,1.0829414707353675
-1.7806156250000014,1.0837418709354678
-1.7806156250000014,1.084542271135568
-2.2490281250000015,1.085342671335668
-2.2490281250000015,1.086143071535768
-2.220253125000002,1.086943471735868
-2.0638531250000014,1.087743871935968
-1.5555531250000003,1.088544272136068
-1.5555531250000003,1.0893446723361682
-3.0300281250000003,1.0901450725362682
-3.0300281250000003,1.0909454727363683
-3.0595906250000007,1.0917458729364684
-3.0595906250000007,1.0925462731365685
-1.3114156250000002,1.0933466733366684
-1.4678156249999998,1.0941470735367684
-0.3941031250000002,1.0949474737368683
-0.23770312500000035,1.0957478739369686
-0.5401781250000006,1.096548274137069
-1.0875781250000003,1.0973486743371688
-1.8048281250000011,1.0981490745372686
-1.8048281250000011,1.0989494747373687
-1.8830281250000012,1.0997498749374688
-1.726628125000001,1.1005502751375689
-1.3998718750000005,1.101350675337669
-1.9462718750000008,1.102151075537769
-2.1417718750000008,1.1029514757378691
-1.2043718750000005,1.103751875937969
-0.23278437499999993,1.104552276138069
-0.07638437500000028,1.1053526763381691
-4.051259375000002,1.1061530765382692
-2.331859375000001,1.1069534767383693
-1.1215468750000004,1.1077538769384694
-0.5741468750000012,1.1085542771385697
-0.5453718750000006,1.109354677338669
-0.5453718750000006,1.1101550775387694
-0.6966093750000006,1.1109554777388695
-0.6966093750000006,1.1117558779389696
-1.1658093750000007,1.1125562781390697
-0.2274093750000007,1.1133566783391695
-2.507840625000001,1.1141570785392696
-5.008240625000002,1.1149574787393697
-5.5937406250000015,1.1157578789394698
-1.922340625000001,1.1165582791395698
0.17288437499999998,1.11735867933967
0.17288437499999998,1.11815907953977
-1.497590625,1.11895947973987
-1.497590625,1.11975987993997
-1.4917781250000002,1.12056028014007
-0.1643781250000006,1.12136068034017
0.22662187499999953,1.1221610805402702
-1.8827781250000004,1.1229614807403705
-0.6183781250000004,1.1237618809404704
-0.6183781250000004,1.1245622811405704
0.07509687499999951,1.1253626813406703
0.07509687499999951,1.1261630815407704
-0.662278125000001,1.1269634817408705
-1.2096781250000008,1.1277638819409703
-2.019453125000001,1.1285642821410706
-2.019453125000001,1.1293646823411707
-1.4777156250000008,1.1301650825412708
-1.4777156250000008,1.1309654827413709
-1.4777156250000008,1.1317658829414707
-1.4777156250000008,1.1325662831415708
-1.4777156250000008,1.133366683341671
-1.4777156250000008,1.134167083541771
-2.5324156250000014,1.134967483741871
-0.42301562500000034,1.1357678839419711
-1.5554156250000006,1.136568284142071
-1.4000156250000009,1.137368684342171
-1.7509156250000006,1.1381690845422712
-1.2045156250000009,1.1389694847423713
0.7174875000000004,1.1397698849424711
1.2648875,1.1405702851425714
0.4932125000000004,1.1413706853426715
0.4932125000000004,1.1421710855427714
0.12244999999999961,1.1429714857428714
-0.42495000000000005,1.1437718859429715
-0.7274250000000002,1.1445722861430716
-0.5710250000000006,1.1453726863431717
-0.3276625000000002,1.1461730865432718
-0.17126250000000054,1.146973486743372
-1.802137500000001,1.1477738869434717
-1.254737500000001,1.1485742871435718
1.9877750000000007,1.149374687343672
2.1431750000000007,1.150175087543772
-0.11229999999999973,1.150975487743872
-1.8306999999999998,1.151775887943972
-1.2257375000000004,1.1525762881440722
-1.2257375000000004,1.153376688344172
0.36653750000000007,1.154177088544272
2.0849375000000006,1.1549774887443722
-0.24898750000000003,1.1557778889444723
-0.24898750000000003,1.1565782891445724
0.24898750000000003,1.1573786893446725
0.24898750000000003,1.1581790895447726
-0.7665937500000005,1.1589794897448724
-0.7665937500000005,1.1597798899449725
-0.7665937500000005,1.1605802901450726
-0.7665937500000005,1.1613806903451729
-1.0253437499999996,1.1621810905452727
1.4740562500000005,1.1629814907453728
1.7775312500000005,1.163781890945473
0.8401312500000007,1.1645822911455728
-0.7596093750000003,1.1653826913456728
-0.7596093750000003,1.166183091545773
-0.7596093750000003,1.166983491745873
-0.7596093750000003,1.167783891945973
-1.2138593749999997,1.1685842921460732
0.5055406249999999,1.1693846923461733
0.8080156250000003,1.1701850925462731
0.6516156250000005,1.1709854927463732
1.8817281250000004,1.1717858929464733
1.7253281250000008,1.1725862931465734
1.6960531250000013,1.1733866933466734
1.6960531250000013,1.1741870935467735
-0.5005843750000001,1.1749874937468736
-0.3441843750000001,1.1757878939469737
0.07509062500000008,1.1765882941470736
0.07509062500000008,1.1773886943471736
1.389140625000001,1.1781890945472735
1.389140625000001,1.1789894947473738
0.920440625000001,1.179789894947474
1.8578406250000008,1.180590295147574
1.4033406250000013,1.1813906953476738
1.4033406250000013,1.182191095547774
1.8236156250000013,1.182991495747874
2.3700156250000015,1.183791895947974
1.5159593750000013,1.1845922961480742
1.5159593750000013,1.1853926963481742
1.7402343750000013,1.1861930965482743
1.896634375000001,1.1869934967483742
2.7213968750000017,1.1877938969484745
0.6129968750000008,1.1885942971485743
1.940896875000001,1.1893946973486744
1.3934968750000014,1.1901950975487745
3.439603125000003,1.1909954977488746
3.439603125000003,1.191795897948975
3.166403125000003,1.1925962981490743
3.7128031250000033,1.1933966983491746
3.923253125000003,1.1941970985492747
2.5948531250000038,1.1949974987493748
4.6167281250000025,1.1957978989494749
3.678328125000003,1.196598299149575
2.932090625000002,1.197398699349675
2.3846906250000024,1.1981990995497749
2.6583906250000022,1.198999499749875
2.6583906250000022,1.199799899949975
4.020540625000002,1.2006003001500751
3.083140625000002,1.2014007003501752
3.933015625000003,1.2022011005502753
3.3856156250000025,1.2030015007503754
5.138471875000001,1.2038019009504752
5.138471875000001,1.204602301150575
5.031496875000004,1.2054027013506754
5.031496875000004,1.2062031015507757
5.163184375000002,1.2070035017508756
5.006784375000002,1.2078039019509756
3.6397843750000023,1.2086043021510755
6.530184375000002,1.2094047023511756
5.660890625,1.2102051025512757
5.817290625,1.2110055027513758
4.186415625000001,1.2118059029514758
5.5148156250000016,1.212606303151576
4.850328125000001,1.213406703351676
7.350728125000002,1.214207103551776
5.4075531250000015,1.215007503751876
5.4075531250000015,1.215807903951976
6.7841031250000015,1.216608304152076
4.674703125000002,1.2174087043521762
6.696578125,1.2182091045522765
4.977178125000002,1.2190095047523763
7.174815625000003,1.2198099049524762
7.174815625000003,1.2206103051525763
4.528340625000002,1.2214107053526764
4.528340625000002,1.2222111055527765
6.295815625000003,1.2230115057528763
4.577415625000004,1.2238119059529766
5.660890625000004,1.2246123061530767
6.599290625000004,1.2254127063531766
5.328853125000005,1.2262131065532766
6.267253125000004,1.2270135067533767
6.413328125000004,1.2278139069534768
8.522728125000006,1.228614307153577
6.9356718750000015,1.229414707353677
6.9356718750000015,1.230215107553777
7.882896875000003,1.231015507753877
4.992496875000003,1.231815907953977
8.166134375000002,1.232616308154077
8.166134375000002,1.2334167083541772
9.055109375000002,1.2342171085542772
9.055109375000002,1.235017508754377
7.995140625000004,1.2358179089544774
7.995140625000004,1.2366183091545773
7.302165625000002,1.2374187093546771
7.302165625000002,1.2382191095547774
7.648653125000004,1.2390195097548775
7.648653125000004,1.2398199099549776
8.117353125000003,1.2406203101550777
7.1799531250000035,1.2414207103551778
8.796109375000002,1.2422211105552776
8.796109375000002,1.2430215107553777
8.522909375000001,1.2438219109554778
9.069309375000003,1.244622311155578
9.113321875000004,1.245422711355678
8.175921875000004,1.246223111555778
9.025796875000003,1.247023511755878
8.869396875000001,1.247823911955978
8.693584375000006,1.248624312156078
8.693584375000006,1.249424712356178
9.660259375000003,1.2502251125562782
9.113859375000004,1.2510255127563783
10.148759375000004,1.2518259129564784
9.992359375000007,1.2526263131565785
8.010084375000003,1.2534267133566783
8.010084375000003,1.2542271135567784
7.682903125000005,1.2550275137568785
7.682903125000005,1.2558279139569786
8.103178125000005,1.2566283141570789
9.040578125000005,1.2574287143571787
7.771140625000005,1.2582291145572788
9.098540625000005,1.259029514757379
7.682615625000004,1.2598299149574788
9.792015625000005,1.2606303151575788
9.962959375000006,1.261430715357679
9.962959375000006,1.262231115557779
10.968734375000006,1.263031515757879
11.125134375000007,1.2638319159579792
10.558684375000006,1.264632316158079
10.558684375000006,1.265432716358179
9.787009375000006,1.2662331165582792
11.115409375000008,1.2670335167583793
10.197046875000005,1.2678339169584794
8.478646875000006,1.2686343171585794
7.785171875000005,1.2694347173586795
7.941571875000005,1.2702351175587794
7.785671875000005,1.2710355177588797
7.941071875000005,1.2718359179589795
9.260146875000006,1.2726363181590796
9.415546875000006,1.2734367183591797
9.782253125,1.2742371185592798
9.235853125000002,1.27503751875938
10.475728125000005,1.2758379189594795
9.147328125000003,1.2766383191595798
9.670303125000004,1.27743871935968
8.341903125000002,1.27823911955978
7.756403125000003,1.27903951975988
10.255803125000003,1.27983991995998
9.103853125000006,1.2806403201600802
9.103853125000006,1.28144072036018
9.103853125000006,1.2822411205602802
9.103853125000006,1.2830415207603802
9.582340625000004,1.2838419209604803
10.519740625000004,1.2846423211605804
9.972840625000005,1.2854427213606805
10.129240625000003,1.2862431215607806
8.615296875000004,1.2870435217608804
9.162696875000004,1.2878439219609803
9.699771875000005,1.2886443221610806
9.855171875000005,1.289444722361181
10.656221875000004,1.2902451225612808
10.656221875000004,1.2910455227613808
9.064946875000006,1.291845922961481
6.955546875000005,1.2926463231615808
9.299103125000004,1.2934467233616809
9.299103125000004,1.294247123561781
9.299103125000004,1.295047523761881
9.299103125000004,1.2958479239619811
9.625853125000006,1.2966483241620812
10.563253125000006,1.2974487243621813
10.202028125000005,1.2982491245622811
10.202028125000005,1.2990495247623812
9.182090625000006,1.2998499249624813
9.025690625000005,1.3006503251625814
8.830190625000006,1.3014507253626817
9.377590625000005,1.3022511255627816
9.660328125000003,1.3030515257628814
9.660328125000003,1.3038519259629815
9.933528125000002,1.3046523261630816
9.387128125000004,1.3054527263631817
8.605809375000007,1.3062531265632815
8.605809375000007,1.3070535267633818
8.185534375000007,1.307853926963482
7.6391343750000065,1.3086543271635818
8.312809375000008,1.3094547273636818
8.312809375000008,1.310255127563782
9.064534375000006,1.311055527763882
7.346134375000006,1.311855927963982
8.542315625000006,1.3126563281640822
8.542315625000006,1.3134567283641825
7.458340625000007,1.314257128564282
7.458340625000007,1.3150575287643822
7.267940625000006,1.3158579289644825
8.205340625000005,1.3166583291645824
7.0729406250000055,1.3174587293646824
8.400340625000005,1.3182591295647823
8.000040625000006,1.3190595297648826
8.000040625000006,1.3198599299649825
8.000040625000006,1.3206603301650826
8.000040625000006,1.3214607303651826
7.223890625000004,1.3222611305652827
7.380290625000003,1.3230615307653828
4.655115625000004,1.3238619309654829
4.655115625000004,1.324662331165583
4.284703125000003,1.3254627313656828
4.440103125000003,1.326263131565783
6.423378125000003,1.327063531765883
6.423378125000003,1.327863931965983
5.700340625000002,1.3286643321660832
5.700340625000002,1.3294647323661832
6.5106156250000025,1.330265132566283
6.667015625000002,1.3310655327663832
6.101028125000001,1.3318659329664833
6.101028125000001,1.3326663331665831
6.267253125000002,1.3334667333666834
5.719853125000002,1.3342671335667835
5.4708031250000015,1.3350675337668836
5.314403125000002,1.3358679339669837
5.392603125000002,1.3366683341670835
5.392603125000002,1.3374687343671836
4.3525781250000035,1.3382691345672837
4.196178125000004,1.3390695347673838
4.050103125000003,1.339869934967484
3.893703125000004,1.340670335167584
4.801540625000003,1.341470735367684
4.645140625000003,1.342271135567784
7.448015625000003,1.343071535767884
5.729615625000002,1.343871935967984
4.714015625000002,1.344672336168084
4.166615625000002,1.3454727363681842
3.356840625000001,1.3462731365682843
3.356840625000001,1.3470735367683844
2.214403125000001,1.3478739369684842
2.214403125000001,1.3486743371685843
3.8061781250000015,1.3494747373686844
5.133578125000002,1.3502751375687845
4.235553125000002,1.3510755377688846
4.235553125000002,1.3518759379689846
4.616728125000002,1.3526763381690847
4.069328125000002,1.3534767383691846
4.762590625000003,1.3542771385692849
4.762590625000003,1.3550775387693847
3.4054156250000025,1.3558779389694848
3.9518156250000027,1.356678339169585
0.9787468750000011,1.357478739369685
0.9787468750000011,1.358279139569785
2.1800218750000013,1.359079539769885
2.336421875000001,1.359879939969985
3.9961718750000017,1.360680340170085
1.496771875000001,1.3614807403701852
0.49049687500000083,1.3622811405702853
0.49049687500000083,1.3630815407703851
0.582890625000001,1.3638819409704854
3.8642906250000015,1.3646823411705853
1.335615625000001,1.3654827413706854
1.335615625000001,1.3662831415707857
2.2727281250000004,1.3670835417708855
1.7253281250000008,1.3678839419709856
2.360253125000001,1.3686843421710857
1.4228531250000012,1.3694847423711858
0.6739749999999998,1.3702851425712856
-1.4354250000000002,1.3710855427713855
-0.7419500000000002,1.3718859429714858
1.3674499999999998,1.372686343171586
1.0641875000000005,1.373486743371686
1.0641875000000005,1.374287143571786
0.25441250000000015,1.375087543771886
0.09801250000000039,1.375887943971986
-0.6105687499999999,1.376688344172086
1.49883125,1.3774887443721862
-1.3040437500000002,1.3782891445722862
-0.7566437500000005,1.3790895447723863
-1.0107937500000002,1.3798899449724864
-0.07339375000000015,1.3806903451725865
-1.0993187500000001,1.3814907453726863
1.0110812500000002,1.3822911455727864
1.3886093750000006,1.3830915457728865
1.3886093750000006,1.3838919459729866
1.6623093750000004,1.384692346173087
1.1149093750000008,1.3854927463731868
-1.1455406250000002,1.3862931465732868
-0.9891406250000006,1.3870935467733867
-1.3703156250000004,1.3878939469734868
-1.3703156250000004,1.3886943471735869
-0.13009062500000046,1.389494747373687
-0.13009062500000046,1.390295147573787
1.8135843749999998,1.391095547773887
-1.4678156250000007,1.3918959479739872
-1.6728531250000005,1.392696348174087
-1.8292531250000006,1.3934967483741871
-3.928328125000001,1.3942971485742872
-4.084728125000001,1.3950975487743873
-3.430578125000001,1.3958979489744874
-2.493178125000002,1.3966983491745877
-0.2377031250000013,1.3974987493746875
-0.3941031250000011,1.3982991495747874
-1.3801406250000012,1.3990995497748877
-2.3175406250000012,1.3998999499749876
-3.2456156250000014,1.4007003501750876
-3.4010156250000017,1.4015007503751875
-3.4210281250000016,1.4023011505752878
-3.4210281250000016,1.4031015507753877
-3.3912531250000013,1.4039019509754878
-0.5008531250000012,1.4047023511755878
-2.2488156250000007,1.405502751375688
-0.5304156250000007,1.406303151575788
-2.4735906250000017,1.407103551775888
-2.4735906250000017,1.4079039519759882
-5.022453125000004,1.408704352176088
-5.022453125000004,1.409504752376188
-4.7199781250000035,1.4103051525762882
-4.7199781250000035,1.4111055527763885
-5.393903125000004,1.4119059529764884
-4.846503125000004,1.4127063531765884
-4.700428125000003,1.4135067533766883
-4.544028125000003,1.4143071535767884
-4.509571875000003,1.4151075537768885
-4.509571875000003,1.4159079539769883
-5.7895468750000045,1.4167083541770886
-5.7895468750000045,1.4175087543771887
-7.654309375000004,1.4183091545772888
-5.544909375000005,1.4191095547773889
-2.663834375000003,1.4199099549774887
-2.508434375000003,1.4207103551775888
-4.026403125000002,1.421510755377689
-4.026403125000002,1.422311155577789
-6.086878125000001,1.423111555777889
-6.086878125000001,1.4239119559779891
-5.9503406250000035,1.4247123561780892
-5.9503406250000035,1.425512756378189
-6.527015625000002,1.4263131565782892
-5.588615625000003,1.4271135567783892
-6.1850906250000035,1.427913956978489
-6.1850906250000035,1.4287143571785894
-4.905115625000002,1.4295147573786895
-4.905115625000002,1.4303151575787896
-6.980790625000004,1.4311155577788894
-6.980790625000004,1.4319159579789895
-6.707090625000005,1.4327163581790896
-7.2544906250000025,1.4335167583791897
-5.315703125000004,1.4343171585792898
-5.472103125000004,1.4351175587793898
-4.837178125000003,1.43591795897949
-6.555578125000004,1.4367183591795898
-5.677140625000003,1.43751875937969
-7.005540625000004,1.43831915957979
-6.760615625000004,1.43911955977989
-8.480015625000005,1.43991995997999
-7.068859375000005,1.4407203601800902
-8.006259375000006,1.4415207603801905
-7.039084375000004,1.44232116058029
-7.039084375000004,1.4431215607803902
-5.202884375000005,1.4439219609804903
-8.094284375000004,1.4447223611805904
-7.928059375000005,1.4455227613806905
-7.928059375000005,1.4463231615807906
-7.678903125000004,1.4471235617808906
-7.678903125000004,1.4479239619809905
-7.678903125000004,1.4487243621810906
-7.678903125000004,1.4495247623811909
-7.927640625000005,1.4503251625812907
-7.927640625000005,1.4511255627813908
-7.430165625000004,1.451925962981491
-7.430165625000004,1.452726363181591
-5.784571875000005,1.4535267633816908
-5.784571875000005,1.454327163581791
-8.040046875000003,1.455127563781891
-8.040046875000003,1.455927963981991
-7.825809375000004,1.4567283641820912
-7.981209375000004,1.4575287643821913
-8.987484375000005,1.4583291645822911
-8.987484375000005,1.4591295647823912
-7.986853125000004,1.4599299649824913
-7.986853125000004,1.4607303651825914
-7.986853125000004,1.4615307653826914
-7.986853125000004,1.4623311655827915
-9.617040625000007,1.4631315657828916
-9.617040625000007,1.4639319659829917
-10.671740625000007,1.4647323661830915
-8.562340625000006,1.4655327663831916
-6.946578125000004,1.4663331665832915
-4.837178125000003,1.4671335667833918
-5.588903125000004,1.467933966983492
-5.588903125000004,1.468734367183592
-7.005540625000005,1.469534767383692
-6.849140625000006,1.470335167583792
-7.815815625000003,1.471135567783892
-7.815815625000003,1.471935967983992
-9.593084375000007,1.472736368184092
-7.483684375000006,1.4735367683841922
-9.231359375000004,1.4743371685842923
-9.231359375000004,1.4751375687843924
-7.581121875000001,1.4759379689844925
-7.424721875000001,1.4767383691845923
-7.122246875000002,1.4775387693846924
-7.2786468750000015,1.4783391695847925
-9.309184375000003,1.4791395697848926
-8.762784375000004,1.4799399699849929
-8.616709375000005,1.4807403701850927
-7.288309375000003,1.4815407703851926
-8.601509375000003,1.482341170585293
-6.883109375000002,1.4831415707853928
-7.742309375000002,1.4839419709854929
-7.742309375000002,1.484742371185593
-8.743634375000006,1.485542771385693
-8.587234375000005,1.486343171585793
-8.665434375000006,1.487143571785893
-8.665434375000006,1.487943971985993
-8.728684375000002,1.4887443721860931
-7.010284375000004,1.4895447723861932
-5.3012093750000036,1.4903451725862933
-4.753809375000002,1.4911455727863934
-6.9513093750000055,1.4919459729864937
-7.107709375000005,1.492746373186593
-7.918484375000005,1.4935467733866934
-7.918484375000005,1.4943471735867937
-7.312746875000004,1.4951475737868936
-7.469146875000003,1.4959479739869936
-8.162621875000003,1.4967483741870935
-7.615221875000002,1.4975487743871936
-7.859796875000001,1.4983491745872937
-6.140396875000002,1.4991495747873935
-4.548621875000001,1.4999499749874938
-4.548621875000001,1.500750375187594
-5.774359375000001,1.501550775387694
-5.774359375000001,1.502351175587794
-5.110159375000001,1.503151575787894
-6.438559375000001,1.503951975987994
-5.623053125000004,1.504752376188094
-5.466653125000004,1.5055527763881942
-5.544853125000004,1.5063531765882945
-5.544853125000004,1.5071535767883943
-6.634053125000005,1.5079539769884944
-6.634053125000005,1.5087543771885945
-5.8823281250000035,1.5095547773886944
-8.381728125000004,1.5103551775887945
-7.127046875000002,1.5111555777888943
-6.580646875000004,1.5119559779889946
-3.308571875000002,1.5127563781890947
-1.1991718750000027,1.5135567783891948
-2.527071875000002,1.5143571785892946
-2.371671875000002,1.5151575787893947
-6.736546875000002,1.5159579789894948
-6.580146875000002,1.5167583791895949
-7.991728125000004,1.517558779389695
-5.100328125000003,1.518359179589795
-7.298253125000002,1.5191595797898951
-4.016853125000003,1.519959979989995
-4.622090625000002,1.520760380190095
-4.622090625000002,1.5215607803901952
-3.811815625000001,1.5223611805902952
-3.655415625000001,1.523161580790395
-3.3627031250000026,1.5239619809904954
-3.519103125000003,1.5247623811905957
-4.6025781250000035,1.5255627813906951
-3.6651781250000033,1.5263631815907954
-4.387340625000003,1.5271635817908955
-4.387340625000003,1.5279639819909956
-2.854615625000002,1.5287643821910957
-6.1360156250000015,1.5295647823911958
-4.265809375000003,1.5303651825912958
-4.265809375000003,1.5311655827913957
-4.158334375000002,1.5319659829914958
-4.158334375000002,1.532766383191596
-5.808509375000002,1.533566783391696
-4.871109375000001,1.534367183591796
-4.725034375000003,1.535167583791896
-1.443634375000002,1.5359679839919962
-1.4874031250000008,1.536768384192096
-1.4874031250000008,1.537568784392196
-1.321178125000001,1.5383691845922962
-2.2585781250000005,1.5391695847923963
-1.7268781250000012,1.5399699849924964
-2.2732781250000014,1.5407703851925965
-2.0000781250000013,1.5415707853926963
-2.0000781250000013,1.5423711855927964
-3.4554093750000012,1.5431715857928965
-2.127009375000001,1.5439719859929966
-3.093684375000001,1.5447723861930966
-3.093684375000001,1.5455727863931967
-2.2787468750000004,1.5463731865932968
-3.606146875000001,1.547173586793397
-1.6922468750000004,1.5479739869934968
-4.192646875000001,1.5487743871935968
-1.2335718750000007,1.549574787393697
-1.2335718750000007,1.550375187593797
-0.37437187500000035,1.551175587793897
-2.092771875000001,1.5519759879939972
-1.2335718750000007,1.5527763881940972
-1.2335718750000007,1.553576788394197
-1.3117718750000005,1.5543771885942972
-1.1553718750000008,1.5551775887943973
-1.3366281250000005,1.5559779889944974
-1.4920281250000003,1.5567783891945974
-1.4143281250000004,1.5575787893946975
-1.4143281250000004,1.5583791895947976
0.0015593749999995854,1.5591795897948977
-0.5448406250000004,1.5599799899949975
0.0015593749999995854,1.5607803901950976
-0.5448406250000004,1.5615807903951977
-0.18563750000000023,1.5623811905952978
-0.18563750000000023,1.563181590795398
0.6740624999999996,1.563981990995498
-1.0453375,1.5647823911955978
-1.4057750000000007,1.565582791395698
-0.8593750000000009,1.566383191595798
-1.6012750000000007,1.567183591795898
-0.6638750000000009,1.567983991995998
-0.84033125,1.5687843921960982
-0.6839312500000003,1.5695847923961983
2.353543750000001,1.5703851925962982
1.8071437500000007,1.5711855927963982
0.9770687500000004,1.5719859929964983
-1.13333125,1.5727863931965984
1.6695437500000003,1.5735867933966985
1.1231437500000006,1.5743871935967986
1.6967281250000006,1.5751875937968989
-0.8036718750000003,1.5759879939969983
0.5247281250000001,1.5767883941970986
0.36832812500000023,1.577588794397199
0.6955156250000002,1.5783891945972988
0.6955156250000002,1.5791895947973988
0.19754062500000014,1.579989994997499
0.19754062500000014,1.580790395197599
-1.4771281250000001,1.5815907953976989
0.24127187500000047,1.582391195597799
0.7783468750000004,1.583191595797899
2.1067468750000002,1.5839919959979991
0.4807468749999999,1.5847923961980992
0.4807468749999999,1.5855927963981993
0.5589468749999998,1.5863931965982994
0.4025468750000001,1.5871935967983992
2.6436593750000026,1.5879939969984993
2.6436593750000026,1.5887943971985994
3.7863843750000026,1.5895947973986997
1.2859843750000026,1.5903951975987995
2.0914093750000022,1.5911955977988996
3.4198093750000025,1.5919959979989995
2.7556093750000024,1.5927963981990996
2.7556093750000024,1.5935967983991997
1.1493843749999983,1.5943971985992995
1.1493843749999983,1.5951975987993998
1.5111093749999984,1.5959979989995
0.5727093749999984,1.5967983991996
-0.11085312500000377,1.5975987993996998
-19.407253125000004,1.5983991995998
-18.851028125000006,1.5991995997999
-18.851028125000006,1.6
